key0000000000024,val0000000000024,
key0000000000019,val0000000000019,
key0000000000011,val0000000000011,
key0000000000081,val0000000000081,
key0000000000077,val0000000000077,
key0000000000080,val0000000000080,
key0000000000074,val0000000000074,
key0000000000032,val0000000000032,
key0000000000045,val0000000000045,
key0000000000061,val0000000000061,
key0000000000029,val0000000000029,
key0000000000031,val0000000000031,
key0000000000024,val0000000000024,
key0000000000019,val0000000000019,
key0000000000094,val0000000000094,
key0000000000011,val0000000000011,
key0000000000081,val0000000000081,
key0000000000077,val0000000000077,
key0000000000071,val0000000000071,
key0000000000080,val0000000000080,
key0000000000074,val0000000000074,
key0000000000032,val0000000000032,
key0000000000045,val0000000000045,
key0000000000052,val0000000000052,
key0000000000061,val0000000000061,
key0000000000075,val0000000000075,
key0000000000082,val0000000000082,
key0000000000009,val0000000000009,
key0000000000020,val0000000000020,
key0000000000057,val0000000000057,
key0000000000014,val0000000000014,
key0000000000072,val0000000000072,
key0000000000029,val0000000000029,
key0000000000002,val0000000000002,
key0000000000031,val0000000000031,
key0000000000094,val0000000000094,
key0000000000071,val0000000000071,
key0000000000017,val0000000000017,
key0000000000052,val0000000000052,
key0000000000075,val0000000000075,
key0000000000082,val0000000000082,
key0000000000009,val0000000000009,
key0000000000005,val0000000000005,
key0000000000020,val0000000000020,
key0000000000057,val0000000000057,
key0000000000047,val0000000000047,
key0000000000039,val0000000000039,
key0000000000038,val0000000000038,
key0000000000003,val0000000000003,
key0000000000049,val0000000000049,
key0000000000059,val0000000000059,
key0000000000014,val0000000000014,
key0000000000072,val0000000000072,
key0000000000093,val0000000000093,
key0000000000002,val0000000000002,
key0000000000017,val0000000000017,
key0000000000005,val0000000000005,
key0000000000026,val0000000000026,
key0000000000047,val0000000000047,
key0000000000039,val0000000000039,
key0000000000038,val0000000000038,
key0000000000073,val0000000000073,
key0000000000003,val0000000000003,
key0000000000049,val0000000000049,
key0000000000055,val0000000000055,
key0000000000084,val0000000000084,
key0000000000051,val0000000000051,
key0000000000040,val0000000000040,
key0000000000091,val0000000000091,
key0000000000089,val0000000000089,
key0000000000028,val0000000000028,
key0000000000092,val0000000000092,
key0000000000059,val0000000000059,
key0000000000093,val0000000000093,
key0000000000015,val0000000000015,
key0000000000026,val0000000000026,
key0000000000073,val0000000000073,
key0000000000004,val0000000000004,
key0000000000055,val0000000000055,
key0000000000084,val0000000000084,
key0000000000051,val0000000000051,
key0000000000100,val0000000000100,
key0000000000040,val0000000000040,
key0000000000091,val0000000000091,
key0000000000089,val0000000000089,
key0000000000046,val0000000000046,
key0000000000079,val0000000000079,
key0000000000048,val0000000000048,
key0000000000068,val0000000000068,
key0000000000076,val0000000000076,
key0000000000096,val0000000000096,
key0000000000021,val0000000000021,
key0000000000028,val0000000000028,
key0000000000092,val0000000000092,
key0000000000001,val0000000000001,
key0000000000015,val0000000000015,
key0000000000004,val0000000000004,
key0000000000100,val0000000000100,
key0000000000046,val0000000000046,
key0000000000079,val0000000000079,
key0000000000048,val0000000000048,
key0000000000068,val0000000000068,
key0000000000086,val0000000000086,
key0000000000076,val0000000000076,
key0000000000067,val0000000000067,
key0000000000016,val0000000000016,
key0000000000097,val0000000000097,
key0000000000098,val0000000000098,
key0000000000022,val0000000000022,
key0000000000053,val0000000000053,
key0000000000033,val0000000000033,
key0000000000096,val0000000000096,
key0000000000021,val0000000000021,
key0000000000001,val0000000000001,
key0000000000086,val0000000000086,
key0000000000067,val0000000000067,
key0000000000016,val0000000000016,
key0000000000097,val0000000000097,
key0000000000098,val0000000000098,
key0000000000022,val0000000000022,
key0000000000053,val0000000000053,
key0000000000034,val0000000000034,
key0000000000050,val0000000000050,
key0000000000054,val0000000000054,
key0000000000056,val0000000000056,
key0000000000085,val0000000000085,
key0000000000099,val0000000000099,
key0000000000023,val0000000000023,
key0000000000095,val0000000000095,
key0000000000007,val0000000000007,
key0000000000042,val0000000000042,
key0000000000012,val0000000000012,
key0000000000033,val0000000000033,
key0000000000034,val0000000000034,
key0000000000063,val0000000000063,
key0000000000050,val0000000000050,
key0000000000054,val0000000000054,
key0000000000056,val0000000000056,
key0000000000085,val0000000000085,
key0000000000099,val0000000000099,
key0000000000070,val0000000000070,
key0000000000023,val0000000000023,
key0000000000095,val0000000000095,
key0000000000007,val0000000000007,
key0000000000018,val0000000000018,
key0000000000008,val0000000000008,
key0000000000090,val0000000000090,
key0000000000041,val0000000000041,
key0000000000035,val0000000000035,
key0000000000083,val0000000000083,
key0000000000060,val0000000000060,
key0000000000042,val0000000000042,
key0000000000012,val0000000000012,
key0000000000066,val0000000000066,
key0000000000063,val0000000000063,
key0000000000070,val0000000000070,
key0000000000064,val0000000000064,
key0000000000018,val0000000000018,
key0000000000008,val0000000000008,
key0000000000090,val0000000000090,
key0000000000013,val0000000000013,
key0000000000041,val0000000000041,
key0000000000035,val0000000000035,
key0000000000078,val0000000000078,
key0000000000083,val0000000000083,
key0000000000044,val0000000000044,
key0000000000010,val0000000000010,
key0000000000027,val0000000000027,
key0000000000030,val0000000000030,
key0000000000037,val0000000000037,
key0000000000087,val0000000000087,
key0000000000088,val0000000000088,
key0000000000060,val0000000000060,
key0000000000066,val0000000000066,
key0000000000025,val0000000000025,
key0000000000064,val0000000000064,
key0000000000013,val0000000000013,
key0000000000078,val0000000000078,
key0000000000062,val0000000000062,
key0000000000044,val0000000000044,
key0000000000010,val0000000000010,
key0000000000006,val0000000000006,
key0000000000027,val0000000000027,
key0000000000030,val0000000000030,
key0000000000037,val0000000000037,
key0000000000065,val0000000000065,
key0000000000069,val0000000000069,
key0000000000058,val0000000000058,
key0000000000036,val0000000000036,
key0000000000043,val0000000000043,
key0000000000087,val0000000000087,
key0000000000088,val0000000000088,
key0000000000025,val0000000000025,
key0000000000062,val0000000000062,
key0000000000006,val0000000000006,
key0000000000065,val0000000000065,
key0000000000069,val0000000000069,
key0000000000058,val0000000000058,
key0000000000036,val0000000000036,
key0000000000043,val0000000000043,
key0000000000024,,
key0000000000019,,
key0000000000011,,
key0000000000081,,
key0000000000077,,
key0000000000080,,
key0000000000074,,
key0000000000032,,
key0000000000045,,
key0000000000061,,
key0000000000024,val0000000000024,
key0000000000019,val0000000000019,
key0000000000011,val0000000000011,
key0000000000081,val0000000000081,
key0000000000077,val0000000000077,
key0000000000080,val0000000000080,
key0000000000074,val0000000000074,
key0000000000032,val0000000000032,
key0000000000045,val0000000000045,
key0000000000061,val0000000000061,
key0000000000029,val0000000000029,
key0000000000031,val0000000000031,
key0000000000024,val0000000000024,
key0000000000019,val0000000000019,
key0000000000011,val0000000000011,
key0000000000081,val0000000000081,
key0000000000077,val0000000000077,
key0000000000094,val0000000000094,
key0000000000080,val0000000000080,
key0000000000074,val0000000000074,
key0000000000032,val0000000000032,
key0000000000071,val0000000000071,
key0000000000045,val0000000000045,
key0000000000061,val0000000000061,
key0000000000052,val0000000000052,
key0000000000075,val0000000000075,
key0000000000082,val0000000000082,
key0000000000009,val0000000000009,
key0000000000020,val0000000000020,
key0000000000057,val0000000000057,
key0000000000014,val0000000000014,
key0000000000029,val0000000000029,
key0000000000031,val0000000000031,
key0000000000072,val0000000000072,
key0000000000094,val0000000000094,
key0000000000071,val0000000000071,
key0000000000052,val0000000000052,
key0000000000002,val0000000000002,
key0000000000075,val0000000000075,
key0000000000082,val0000000000082,
key0000000000017,val0000000000017,
key0000000000009,val0000000000009,
key0000000000020,val0000000000020,
key0000000000057,val0000000000057,
key0000000000005,val0000000000005,
key0000000000047,val0000000000047,
key0000000000039,val0000000000039,
key0000000000038,val0000000000038,
key0000000000003,val0000000000003,
key0000000000049,val0000000000049,
key0000000000059,val0000000000059,
key0000000000014,val0000000000014,
key0000000000072,val0000000000072,
key0000000000002,val0000000000002,
key0000000000093,val0000000000093,
key0000000000017,val0000000000017,
key0000000000005,val0000000000005,
key0000000000047,val0000000000047,
key0000000000026,val0000000000026,
key0000000000039,val0000000000039,
key0000000000038,val0000000000038,
key0000000000073,val0000000000073,
key0000000000003,val0000000000003,
key0000000000049,val0000000000049,
key0000000000055,val0000000000055,
key0000000000084,val0000000000084,
key0000000000051,val0000000000051,
key0000000000040,val0000000000040,
key0000000000091,val0000000000091,
key0000000000089,val0000000000089,
key0000000000028,val0000000000028,
key0000000000059,val0000000000059,
key0000000000093,val0000000000093,
key0000000000092,val0000000000092,
key0000000000026,val0000000000026,
key0000000000073,val0000000000073,
key0000000000055,val0000000000055,
key0000000000084,val0000000000084,
key0000000000015,val0000000000015,
key0000000000051,val0000000000051,
key0000000000040,val0000000000040,
key0000000000091,val0000000000091,
key0000000000004,val0000000000004,
key0000000000089,val0000000000089,
key0000000000100,val0000000000100,
key0000000000046,val0000000000046,
key0000000000079,val0000000000079,
key0000000000048,val0000000000048,
key0000000000068,val0000000000068,
key0000000000076,val0000000000076,
key0000000000096,val0000000000096,
key0000000000028,val0000000000028,
key0000000000092,val0000000000092,
key0000000000015,val0000000000015,
key0000000000004,val0000000000004,
key0000000000100,val0000000000100,
key0000000000046,val0000000000046,
key0000000000021,val0000000000021,
key0000000000079,val0000000000079,
key0000000000048,val0000000000048,
key0000000000068,val0000000000068,
key0000000000076,val0000000000076,
key0000000000001,val0000000000001,
key0000000000086,val0000000000086,
key0000000000067,val0000000000067,
key0000000000016,val0000000000016,
key0000000000097,val0000000000097,
key0000000000098,val0000000000098,
key0000000000022,val0000000000022,
key0000000000053,val0000000000053,
key0000000000033,val0000000000033,
key0000000000034,val0000000000034,
key0000000000096,val0000000000096,
key0000000000021,val0000000000021,
key0000000000050,val0000000000050,
key0000000000001,val0000000000001,
key0000000000086,val0000000000086,
key0000000000067,val0000000000067,
key0000000000054,val0000000000054,
key0000000000016,val0000000000016,
key0000000000097,val0000000000097,
key0000000000056,val0000000000056,
key0000000000098,val0000000000098,
key0000000000022,val0000000000022,
key0000000000053,val0000000000053,
key0000000000085,val0000000000085,
key0000000000099,val0000000000099,
key0000000000023,val0000000000023,
key0000000000095,val0000000000095,
key0000000000007,val0000000000007,
key0000000000033,val0000000000033,
key0000000000042,val0000000000042,
key0000000000034,val0000000000034,
key0000000000050,val0000000000050,
key0000000000012,val0000000000012,
key0000000000054,val0000000000054,
key0000000000056,val0000000000056,
key0000000000085,val0000000000085,
key0000000000099,val0000000000099,
key0000000000063,val0000000000063,
key0000000000023,val0000000000023,
key0000000000095,val0000000000095,
key0000000000070,val0000000000070,
key0000000000007,val0000000000007,
key0000000000018,val0000000000018,
key0000000000008,val0000000000008,
key0000000000090,val0000000000090,
key0000000000041,val0000000000041,
key0000000000035,val0000000000035,
key0000000000083,val0000000000083,
key0000000000060,val0000000000060,
key0000000000066,val0000000000066,
key0000000000042,val0000000000042,
key0000000000012,val0000000000012,
key0000000000063,val0000000000063,
key0000000000064,val0000000000064,
key0000000000070,val0000000000070,
key0000000000018,val0000000000018,
key0000000000008,val0000000000008,
key0000000000013,val0000000000013,
key0000000000090,val0000000000090,
key0000000000041,val0000000000041,
key0000000000035,val0000000000035,
key0000000000078,val0000000000078,
key0000000000083,val0000000000083,
key0000000000044,val0000000000044,
key0000000000010,val0000000000010,
key0000000000027,val0000000000027,
key0000000000030,val0000000000030,
key0000000000037,val0000000000037,
key0000000000087,val0000000000087,
key0000000000088,val0000000000088,
key0000000000060,val0000000000060,
key0000000000066,val0000000000066,
key0000000000064,val0000000000064,
key0000000000013,val0000000000013,
key0000000000025,val0000000000025,
key0000000000078,val0000000000078,
key0000000000044,val0000000000044,
key0000000000010,val0000000000010,
key0000000000062,val0000000000062,
key0000000000027,val0000000000027,
key0000000000030,val0000000000030,
key0000000000037,val0000000000037,
key0000000000006,val0000000000006,
key0000000000065,val0000000000065,
key0000000000069,val0000000000069,
key0000000000058,val0000000000058,
key0000000000036,val0000000000036,
key0000000000043,val0000000000043,
key0000000000087,val0000000000087,
key0000000000088,val0000000000088,
key0000000000025,val0000000000025,
key0000000000062,val0000000000062,
key0000000000006,val0000000000006,
key0000000000065,val0000000000065,
key0000000000069,val0000000000069,
key0000000000058,val0000000000058,
key0000000000036,val0000000000036,
key0000000000043,val0000000000043,
key0000000000024,,
key0000000000019,,
key0000000000011,,
key0000000000081,,
key0000000000077,,
key0000000000080,,
key0000000000074,,
key0000000000032,,
key0000000000045,,
key0000000000061,,
key0000000000024,val0000000000024,
key0000000000019,val0000000000019,
key0000000000011,val0000000000011,
key0000000000081,val0000000000081,
key0000000000077,val0000000000077,
key0000000000080,val0000000000080,
key0000000000074,val0000000000074,
key0000000000032,val0000000000032,
key0000000000045,val0000000000045,
key0000000000061,val0000000000061,
key0000000000029,val0000000000029,
key0000000000031,val0000000000031,
key0000000000094,val0000000000094,
key0000000000024,val0000000000024,
key0000000000019,val0000000000019,
key0000000000011,val0000000000011,
key0000000000081,val0000000000081,
key0000000000077,val0000000000077,
key0000000000071,val0000000000071,
key0000000000080,val0000000000080,
key0000000000074,val0000000000074,
key0000000000032,val0000000000032,
key0000000000045,val0000000000045,
key0000000000061,val0000000000061,
key0000000000052,val0000000000052,
key0000000000075,val0000000000075,
key0000000000082,val0000000000082,
key0000000000009,val0000000000009,
key0000000000020,val0000000000020,
key0000000000057,val0000000000057,
key0000000000014,val0000000000014,
key0000000000072,val0000000000072,
key0000000000029,val0000000000029,
key0000000000031,val0000000000031,
key0000000000094,val0000000000094,
key0000000000071,val0000000000071,
key0000000000052,val0000000000052,
key0000000000075,val0000000000075,
key0000000000002,val0000000000002,
key0000000000082,val0000000000082,
key0000000000009,val0000000000009,
key0000000000020,val0000000000020,
key0000000000017,val0000000000017,
key0000000000057,val0000000000057,
key0000000000005,val0000000000005,
key0000000000047,val0000000000047,
key0000000000039,val0000000000039,
key0000000000038,val0000000000038,
key0000000000003,val0000000000003,
key0000000000049,val0000000000049,
key0000000000059,val0000000000059,
key0000000000093,val0000000000093,
key0000000000014,val0000000000014,
key0000000000072,val0000000000072,
key0000000000026,val0000000000026,
key0000000000002,val0000000000002,
key0000000000017,val0000000000017,
key0000000000073,val0000000000073,
key0000000000005,val0000000000005,
key0000000000047,val0000000000047,
key0000000000039,val0000000000039,
key0000000000038,val0000000000038,
key0000000000055,val0000000000055,
key0000000000003,val0000000000003,
key0000000000049,val0000000000049,
key0000000000084,val0000000000084,
key0000000000051,val0000000000051,
key0000000000040,val0000000000040,
key0000000000091,val0000000000091,
key0000000000089,val0000000000089,
key0000000000028,val0000000000028,
key0000000000092,val0000000000092,
key0000000000059,val0000000000059,
key0000000000093,val0000000000093,
key0000000000015,val0000000000015,
key0000000000026,val0000000000026,
key0000000000073,val0000000000073,
key0000000000055,val0000000000055,
key0000000000084,val0000000000084,
key0000000000004,val0000000000004,
key0000000000051,val0000000000051,
key0000000000040,val0000000000040,
key0000000000091,val0000000000091,
key0000000000100,val0000000000100,
key0000000000089,val0000000000089,
key0000000000046,val0000000000046,
key0000000000079,val0000000000079,
key0000000000048,val0000000000048,
key0000000000068,val0000000000068,
key0000000000076,val0000000000076,
key0000000000096,val0000000000096,
key0000000000021,val0000000000021,
key0000000000028,val0000000000028,
key0000000000092,val0000000000092,
key0000000000001,val0000000000001,
key0000000000015,val0000000000015,
key0000000000004,val0000000000004,
key0000000000100,val0000000000100,
key0000000000046,val0000000000046,
key0000000000086,val0000000000086,
key0000000000079,val0000000000079,
key0000000000048,val0000000000048,
key0000000000068,val0000000000068,
key0000000000067,val0000000000067,
key0000000000076,val0000000000076,
key0000000000016,val0000000000016,
key0000000000097,val0000000000097,
key0000000000098,val0000000000098,
key0000000000022,val0000000000022,
key0000000000053,val0000000000053,
key0000000000033,val0000000000033,
key0000000000034,val0000000000034,
key0000000000096,val0000000000096,
key0000000000021,val0000000000021,
key0000000000050,val0000000000050,
key0000000000001,val0000000000001,
key0000000000086,val0000000000086,
key0000000000067,val0000000000067,
key0000000000054,val0000000000054,
key0000000000016,val0000000000016,
key0000000000097,val0000000000097,
key0000000000098,val0000000000098,
key0000000000056,val0000000000056,
key0000000000022,val0000000000022,
key0000000000053,val0000000000053,
key0000000000085,val0000000000085,
key0000000000099,val0000000000099,
key0000000000023,val0000000000023,
key0000000000095,val0000000000095,
key0000000000007,val0000000000007,
key0000000000042,val0000000000042,
key0000000000033,val0000000000033,
key0000000000034,val0000000000034,
key0000000000012,val0000000000012,
key0000000000050,val0000000000050,
key0000000000054,val0000000000054,
key0000000000056,val0000000000056,
key0000000000063,val0000000000063,
key0000000000085,val0000000000085,
key0000000000099,val0000000000099,
key0000000000023,val0000000000023,
key0000000000095,val0000000000095,
key0000000000070,val0000000000070,
key0000000000007,val0000000000007,
key0000000000018,val0000000000018,
key0000000000008,val0000000000008,
key0000000000090,val0000000000090,
key0000000000041,val0000000000041,
key0000000000035,val0000000000035,
key0000000000083,val0000000000083,
key0000000000060,val0000000000060,
key0000000000042,val0000000000042,
key0000000000012,val0000000000012,
key0000000000066,val0000000000066,
key0000000000063,val0000000000063,
key0000000000070,val0000000000070,
key0000000000064,val0000000000064,
key0000000000018,val0000000000018,
key0000000000008,val0000000000008,
key0000000000090,val0000000000090,
key0000000000013,val0000000000013,
key0000000000041,val0000000000041,
key0000000000035,val0000000000035,
key0000000000078,val0000000000078,
key0000000000083,val0000000000083,
key0000000000044,val0000000000044,
key0000000000010,val0000000000010,
key0000000000027,val0000000000027,
key0000000000030,val0000000000030,
key0000000000037,val0000000000037,
key0000000000087,val0000000000087,
key0000000000060,val0000000000060,
key0000000000066,val0000000000066,
key0000000000064,val0000000000064,
key0000000000088,val0000000000088,
key0000000000013,val0000000000013,
key0000000000078,val0000000000078,
key0000000000044,val0000000000044,
key0000000000025,val0000000000025,
key0000000000010,val0000000000010,
key0000000000027,val0000000000027,
key0000000000030,val0000000000030,
key0000000000062,val0000000000062,
key0000000000037,val0000000000037,
key0000000000006,val0000000000006,
key0000000000065,val0000000000065,
key0000000000069,val0000000000069,
key0000000000058,val0000000000058,
key0000000000036,val0000000000036,
key0000000000043,val0000000000043,
key0000000000087,val0000000000087,
key0000000000088,val0000000000088,
key0000000000025,val0000000000025,
key0000000000062,val0000000000062,
key0000000000006,val0000000000006,
key0000000000065,val0000000000065,
key0000000000069,val0000000000069,
key0000000000058,val0000000000058,
key0000000000036,val0000000000036,
key0000000000043,val0000000000043,
key0000000000024,,
key0000000000019,,
key0000000000011,,
key0000000000081,,
key0000000000077,,
key0000000000080,,
key0000000000074,,
key0000000000032,,
key0000000000045,,
key0000000000061,,
key0000000000024,val0000000000024,
key0000000000019,val0000000000019,
key0000000000011,val0000000000011,
key0000000000081,val0000000000081,
key0000000000077,val0000000000077,
key0000000000080,val0000000000080,
key0000000000074,val0000000000074,
key0000000000032,val0000000000032,
key0000000000045,val0000000000045,
key0000000000061,val0000000000061,
key0000000000029,val0000000000029,
key0000000000031,val0000000000031,
key0000000000024,val0000000000024,
key0000000000094,val0000000000094,
key0000000000019,val0000000000019,
key0000000000011,val0000000000011,
key0000000000081,val0000000000081,
key0000000000071,val0000000000071,
key0000000000077,val0000000000077,
key0000000000080,val0000000000080,
key0000000000074,val0000000000074,
key0000000000052,val0000000000052,
key0000000000032,val0000000000032,
key0000000000045,val0000000000045,
key0000000000061,val0000000000061,
key0000000000075,val0000000000075,
key0000000000082,val0000000000082,
key0000000000009,val0000000000009,
key0000000000020,val0000000000020,
key0000000000057,val0000000000057,
key0000000000014,val0000000000014,
key0000000000029,val0000000000029,
key0000000000031,val0000000000031,
key0000000000094,val0000000000094,
key0000000000071,val0000000000071,
key0000000000072,val0000000000072,
key0000000000052,val0000000000052,
key0000000000075,val0000000000075,
key0000000000002,val0000000000002,
key0000000000082,val0000000000082,
key0000000000009,val0000000000009,
key0000000000020,val0000000000020,
key0000000000017,val0000000000017,
key0000000000057,val0000000000057,
key0000000000005,val0000000000005,
key0000000000047,val0000000000047,
key0000000000039,val0000000000039,
key0000000000038,val0000000000038,
key0000000000003,val0000000000003,
key0000000000049,val0000000000049,
key0000000000059,val0000000000059,
key0000000000014,val0000000000014,
key0000000000072,val0000000000072,
key0000000000002,val0000000000002,
key0000000000017,val0000000000017,
key0000000000005,val0000000000005,
key0000000000093,val0000000000093,
key0000000000047,val0000000000047,
key0000000000039,val0000000000039,
key0000000000038,val0000000000038,
key0000000000003,val0000000000003,
key0000000000026,val0000000000026,
key0000000000049,val0000000000049,
key0000000000073,val0000000000073,
key0000000000055,val0000000000055,
key0000000000084,val0000000000084,
key0000000000051,val0000000000051,
key0000000000040,val0000000000040,
key0000000000091,val0000000000091,
key0000000000089,val0000000000089,
key0000000000028,val0000000000028,
key0000000000059,val0000000000059,
key0000000000093,val0000000000093,
key0000000000026,val0000000000026,
key0000000000073,val0000000000073,
key0000000000055,val0000000000055,
key0000000000084,val0000000000084,
key0000000000051,val0000000000051,
key0000000000040,val0000000000040,
key0000000000091,val0000000000091,
key0000000000089,val0000000000089,
key0000000000092,val0000000000092,
key0000000000015,val0000000000015,
key0000000000004,val0000000000004,
key0000000000100,val0000000000100,
key0000000000046,val0000000000046,
key0000000000079,val0000000000079,
key0000000000048,val0000000000048,
key0000000000068,val0000000000068,
key0000000000076,val0000000000076,
key0000000000096,val0000000000096,
key0000000000028,val0000000000028,
key0000000000092,val0000000000092,
key0000000000021,val0000000000021,
key0000000000015,val0000000000015,
key0000000000004,val0000000000004,
key0000000000001,val0000000000001,
key0000000000100,val0000000000100,
key0000000000046,val0000000000046,
key0000000000079,val0000000000079,
key0000000000048,val0000000000048,
key0000000000086,val0000000000086,
key0000000000068,val0000000000068,
key0000000000076,val0000000000076,
key0000000000067,val0000000000067,
key0000000000016,val0000000000016,
key0000000000097,val0000000000097,
key0000000000098,val0000000000098,
key0000000000022,val0000000000022,
key0000000000053,val0000000000053,
key0000000000033,val0000000000033,
key0000000000034,val0000000000034,
key0000000000096,val0000000000096,
key0000000000021,val0000000000021,
key0000000000050,val0000000000050,
key0000000000001,val0000000000001,
key0000000000086,val0000000000086,
key0000000000067,val0000000000067,
key0000000000016,val0000000000016,
key0000000000054,val0000000000054,
key0000000000097,val0000000000097,
key0000000000098,val0000000000098,
key0000000000022,val0000000000022,
key0000000000056,val0000000000056,
key0000000000053,val0000000000053,
key0000000000085,val0000000000085,
key0000000000099,val0000000000099,
key0000000000023,val0000000000023,
key0000000000095,val0000000000095,
key0000000000007,val0000000000007,
key0000000000042,val0000000000042,
key0000000000012,val0000000000012,
key0000000000033,val0000000000033,
key0000000000034,val0000000000034,
key0000000000050,val0000000000050,
key0000000000063,val0000000000063,
key0000000000054,val0000000000054,
key0000000000056,val0000000000056,
key0000000000085,val0000000000085,
key0000000000070,val0000000000070,
key0000000000099,val0000000000099,
key0000000000023,val0000000000023,
key0000000000095,val0000000000095,
key0000000000018,val0000000000018,
key0000000000007,val0000000000007,
key0000000000008,val0000000000008,
key0000000000090,val0000000000090,
key0000000000041,val0000000000041,
key0000000000035,val0000000000035,
key0000000000083,val0000000000083,
key0000000000060,val0000000000060,
key0000000000042,val0000000000042,
key0000000000012,val0000000000012,
key0000000000066,val0000000000066,
key0000000000063,val0000000000063,
key0000000000070,val0000000000070,
key0000000000018,val0000000000018,
key0000000000064,val0000000000064,
key0000000000008,val0000000000008,
key0000000000090,val0000000000090,
key0000000000041,val0000000000041,
key0000000000013,val0000000000013,
key0000000000035,val0000000000035,
key0000000000083,val0000000000083,
key0000000000078,val0000000000078,
key0000000000044,val0000000000044,
key0000000000010,val0000000000010,
key0000000000027,val0000000000027,
key0000000000030,val0000000000030,
key0000000000037,val0000000000037,
key0000000000087,val0000000000087,
key0000000000060,val0000000000060,
key0000000000066,val0000000000066,
key0000000000064,val0000000000064,
key0000000000088,val0000000000088,
key0000000000013,val0000000000013,
key0000000000078,val0000000000078,
key0000000000025,val0000000000025,
key0000000000044,val0000000000044,
key0000000000010,val0000000000010,
key0000000000027,val0000000000027,
key0000000000062,val0000000000062,
key0000000000030,val0000000000030,
key0000000000037,val0000000000037,
key0000000000006,val0000000000006,
key0000000000065,val0000000000065,
key0000000000069,val0000000000069,
key0000000000058,val0000000000058,
key0000000000036,val0000000000036,
key0000000000043,val0000000000043,
key0000000000087,val0000000000087,
key0000000000088,val0000000000088,
key0000000000025,val0000000000025,
key0000000000062,val0000000000062,
key0000000000006,val0000000000006,
key0000000000065,val0000000000065,
key0000000000069,val0000000000069,
key0000000000058,val0000000000058,
key0000000000036,val0000000000036,
key0000000000043,val0000000000043,
key0000000000024,,
key0000000000019,,
key0000000000011,,
key0000000000081,,
key0000000000077,,
key0000000000080,,
key0000000000074,,
key0000000000032,,
key0000000000045,,
key0000000000061,,
key0000000000024,val0000000000024,
key0000000000019,val0000000000019,
key0000000000011,val0000000000011,
key0000000000081,val0000000000081,
key0000000000077,val0000000000077,
key0000000000080,val0000000000080,
key0000000000074,val0000000000074,
key0000000000032,val0000000000032,
key0000000000045,val0000000000045,
key0000000000061,val0000000000061,
key0000000000029,val0000000000029,
key0000000000024,val0000000000024,
key0000000000031,val0000000000031,
key0000000000019,val0000000000019,
key0000000000011,val0000000000011,
key0000000000081,val0000000000081,
key0000000000094,val0000000000094,
key0000000000077,val0000000000077,
key0000000000080,val0000000000080,
key0000000000074,val0000000000074,
key0000000000032,val0000000000032,
key0000000000071,val0000000000071,
key0000000000045,val0000000000045,
key0000000000061,val0000000000061,
key0000000000052,val0000000000052,
key0000000000075,val0000000000075,
key0000000000082,val0000000000082,
key0000000000009,val0000000000009,
key0000000000020,val0000000000020,
key0000000000057,val0000000000057,
key0000000000014,val0000000000014,
key0000000000072,val0000000000072,
key0000000000029,val0000000000029,
key0000000000031,val0000000000031,
key0000000000002,val0000000000002,
key0000000000094,val0000000000094,
key0000000000071,val0000000000071,
key0000000000052,val0000000000052,
key0000000000017,val0000000000017,
key0000000000075,val0000000000075,
key0000000000082,val0000000000082,
key0000000000005,val0000000000005,
key0000000000009,val0000000000009,
key0000000000020,val0000000000020,
key0000000000047,val0000000000047,
key0000000000057,val0000000000057,
key0000000000039,val0000000000039,
key0000000000038,val0000000000038,
key0000000000003,val0000000000003,
key0000000000049,val0000000000049,
key0000000000059,val0000000000059,
key0000000000014,val0000000000014,
key0000000000072,val0000000000072,
key0000000000093,val0000000000093,
key0000000000002,val0000000000002,
key0000000000017,val0000000000017,
key0000000000005,val0000000000005,
key0000000000026,val0000000000026,
key0000000000047,val0000000000047,
key0000000000039,val0000000000039,
key0000000000038,val0000000000038,
key0000000000073,val0000000000073,
key0000000000003,val0000000000003,
key0000000000049,val0000000000049,
key0000000000055,val0000000000055,
key0000000000084,val0000000000084,
key0000000000051,val0000000000051,
key0000000000040,val0000000000040,
key0000000000091,val0000000000091,
key0000000000089,val0000000000089,
key0000000000028,val0000000000028,
key0000000000059,val0000000000059,
key0000000000093,val0000000000093,
key0000000000092,val0000000000092,
key0000000000026,val0000000000026,
key0000000000073,val0000000000073,
key0000000000015,val0000000000015,
key0000000000055,val0000000000055,
key0000000000084,val0000000000084,
key0000000000051,val0000000000051,
key0000000000040,val0000000000040,
key0000000000091,val0000000000091,
key0000000000089,val0000000000089,
key0000000000004,val0000000000004,
key0000000000100,val0000000000100,
key0000000000046,val0000000000046,
key0000000000079,val0000000000079,
key0000000000048,val0000000000048,
key0000000000068,val0000000000068,
key0000000000076,val0000000000076,
key0000000000096,val0000000000096,
key0000000000021,val0000000000021,
key0000000000001,val0000000000001,
key0000000000086,val0000000000086,
key0000000000067,val0000000000067,
key0000000000028,val0000000000028,
key0000000000092,val0000000000092,
key0000000000015,val0000000000015,
key0000000000004,val0000000000004,
key0000000000100,val0000000000100,
key0000000000046,val0000000000046,
key0000000000079,val0000000000079,
key0000000000048,val0000000000048,
key0000000000068,val0000000000068,
key0000000000076,val0000000000076,
key0000000000016,val0000000000016,
key0000000000097,val0000000000097,
key0000000000098,val0000000000098,
key0000000000022,val0000000000022,
key0000000000053,val0000000000053,
key0000000000033,val0000000000033,
key0000000000034,val0000000000034,
key0000000000050,val0000000000050,
key0000000000054,val0000000000054,
key0000000000056,val0000000000056,
key0000000000085,val0000000000085,
key0000000000099,val0000000000099,
key0000000000096,val0000000000096,
key0000000000021,val0000000000021,
key0000000000001,val0000000000001,
key0000000000086,val0000000000086,
key0000000000067,val0000000000067,
key0000000000016,val0000000000016,
key0000000000097,val0000000000097,
key0000000000098,val0000000000098,
key0000000000022,val0000000000022,
key0000000000053,val0000000000053,
key0000000000023,val0000000000023,
key0000000000095,val0000000000095,
key0000000000007,val0000000000007,
key0000000000042,val0000000000042,
key0000000000033,val0000000000033,
key0000000000034,val0000000000034,
key0000000000012,val0000000000012,
key0000000000050,val0000000000050,
key0000000000054,val0000000000054,
key0000000000056,val0000000000056,
key0000000000063,val0000000000063,
key0000000000085,val0000000000085,
key0000000000099,val0000000000099,
key0000000000070,val0000000000070,
key0000000000023,val0000000000023,
key0000000000095,val0000000000095,
key0000000000007,val0000000000007,
key0000000000018,val0000000000018,
key0000000000008,val0000000000008,
key0000000000090,val0000000000090,
key0000000000041,val0000000000041,
key0000000000035,val0000000000035,
key0000000000083,val0000000000083,
key0000000000060,val0000000000060,
key0000000000042,val0000000000042,
key0000000000066,val0000000000066,
key0000000000012,val0000000000012,
key0000000000063,val0000000000063,
key0000000000070,val0000000000070,
key0000000000064,val0000000000064,
key0000000000018,val0000000000018,
key0000000000008,val0000000000008,
key0000000000090,val0000000000090,
key0000000000041,val0000000000041,
key0000000000013,val0000000000013,
key0000000000035,val0000000000035,
key0000000000083,val0000000000083,
key0000000000078,val0000000000078,
key0000000000044,val0000000000044,
key0000000000010,val0000000000010,
key0000000000027,val0000000000027,
key0000000000030,val0000000000030,
key0000000000037,val0000000000037,
key0000000000087,val0000000000087,
key0000000000088,val0000000000088,
key0000000000060,val0000000000060,
key0000000000025,val0000000000025,
key0000000000066,val0000000000066,
key0000000000064,val0000000000064,
key0000000000013,val0000000000013,
key0000000000062,val0000000000062,
key0000000000078,val0000000000078,
key0000000000044,val0000000000044,
key0000000000010,val0000000000010,
key0000000000006,val0000000000006,
key0000000000027,val0000000000027,
key0000000000030,val0000000000030,
key0000000000065,val0000000000065,
key0000000000037,val0000000000037,
key0000000000069,val0000000000069,
key0000000000058,val0000000000058,
key0000000000036,val0000000000036,
key0000000000043,val0000000000043,
key0000000000087,val0000000000087,
key0000000000088,val0000000000088,
key0000000000025,val0000000000025,
key0000000000062,val0000000000062,
key0000000000006,val0000000000006,
key0000000000065,val0000000000065,
key0000000000069,val0000000000069,
key0000000000058,val0000000000058,
key0000000000036,val0000000000036,
key0000000000043,val0000000000043,
key0000000000024,,
key0000000000019,,
key0000000000011,,
key0000000000081,,
key0000000000077,,
key0000000000080,,
key0000000000074,,
key0000000000032,,
key0000000000045,,
key0000000000061,,
